"Id","External_Id__c","Crew_Type__c","Roof_Type__c","Panels_Per_Day__c"
"a02Aw00000I3qFEIAZ","CAP-ROOF-TILE","Roof","Tile","18"
"a02Aw00000I3qFFIAZ","CAP-ROOF-SLATE","Roof","Slate","14"
"a02Aw00000I3qFGIAZ","CAP-ROOF-FLAT","Roof","Flat","26"
"a02Aw00000I3qFHIAZ","CAP-ROOF-METAL","Roof","Metal","22"
"a02Aw00000I3qFIIAZ","CAP-GROUND-TILE","Ground","Tile","14"
"a02Aw00000I3qFJIAZ","CAP-GROUND-SLATE","Ground","Slate","10"
"a02Aw00000I3qFKIAZ","CAP-GROUND-FLAT","Ground","Flat","22"
"a02Aw00000I3qFLIAZ","CAP-GROUND-METAL","Ground","Metal","18"
"a02Aw00000I3qFMIAZ","CAP-ELECTRICAL-TILE","Electrical","Tile","14"
"a02Aw00000I3qFNIAZ","CAP-ELECTRICAL-SLATE","Electrical","Slate","10"
"a02Aw00000I3qFOIAZ","CAP-ELECTRICAL-FLAT","Electrical","Flat","22"
"a02Aw00000I3qFPIAZ","CAP-ELECTRICAL-METAL","Electrical","Metal","18"
